<ImportExportXml version="9.2.23121.196" SolutionPackageVersion="9.2" languagecode="1033" generatedBy="CrmLive" xmlns:xsi="http://www.w3.org/2001/XMLSchema-instance">
  <SolutionManifest>
    <UniqueName>SAPProductApp</UniqueName>
    <LocalizedNames>
      <LocalizedName description="SAP Product App" languagecode="1033" />
    </LocalizedNames>
    <Descriptions />
    <Version>1.0.0.3</Version>
    <Managed>0</Managed>
    <Publisher>
      <UniqueName>MichaelMergell</UniqueName>
      <LocalizedNames>
        <LocalizedName description="MichaelMergell" languagecode="1033" />
      </LocalizedNames>
      <Descriptions>
        <Description description="SAPInteractionBotunmanaged" languagecode="1033" />
      </Descriptions>
      <EMailAddress xsi:nil="true"></EMailAddress>
      <SupportingWebsiteUrl xsi:nil="true"></SupportingWebsiteUrl>
      <CustomizationPrefix>sapbot</CustomizationPrefix>
      <CustomizationOptionValuePrefix>29659</CustomizationOptionValuePrefix>
    </Publisher>
    <RootComponents>
      <RootComponent type="1" schemaName="cr680_saptabledata" behavior="0" />
      <RootComponent type="29" id="{0adaecfd-55b8-ee11-a569-000d3a5c657e}" behavior="0" />
      <RootComponent type="300" schemaName="sapbot_sapproductbroswerodatav3_72992" behavior="0" />
    </RootComponents>
    <MissingDependencies />
  </SolutionManifest>
</ImportExportXml>