{
  "properties": {
    "connectionReferences": {
      "shared_sapodata_2": {
        "runtimeSource": "invoker",
        "connection": {
          "connectionReferenceLogicalName": "new_sharedsapodata_46c96"
        },
        "api": {
          "name": "shared_sapodata"
        }
      }
    },
    "definition": {
      "$schema": "https://schema.management.azure.com/providers/Microsoft.Logic/schemas/2016-06-01/workflowdefinition.json#",
      "contentVersion": "1.0.0.0",
      "parameters": {
        "$connections": {
          "defaultValue": {},
          "type": "Object"
        },
        "$authentication": {
          "defaultValue": {},
          "type": "SecureObject"
        }
      },
      "triggers": {
        "manual": {
          "metadata": {
            "operationMetadataId": "729b56de-1cce-4256-b121-cd27717a02da"
          },
          "type": "Request",
          "kind": "PowerAppV2",
          "inputs": {
            "schema": {
              "type": "object",
              "properties": {
                "text": {
                  "title": "Action",
                  "type": "string",
                  "x-ms-dynamically-added": true,
                  "description": "Action",
                  "x-ms-content-hint": "TEXT"
                },
                "text_1": {
                  "title": "Category",
                  "type": "string",
                  "x-ms-dynamically-added": true,
                  "description": "Category",
                  "x-ms-content-hint": "TEXT"
                },
                "text_2": {
                  "description": "ProductID",
                  "title": "ProductID",
                  "type": "string",
                  "x-ms-content-hint": "TEXT",
                  "x-ms-dynamically-added": true
                },
                "text_3": {
                  "title": "Price",
                  "type": "string",
                  "x-ms-dynamically-added": true,
                  "description": "Price",
                  "x-ms-content-hint": "TEXT"
                },
                "text_4": {
                  "title": "Description",
                  "type": "string",
                  "x-ms-dynamically-added": true,
                  "description": "Description",
                  "x-ms-content-hint": "TEXT"
                },
                "text_5": {
                  "title": "Name",
                  "type": "string",
                  "x-ms-dynamically-added": true,
                  "description": "Name",
                  "x-ms-content-hint": "TEXT"
                },
                "text_6": {
                  "title": "CurrencyCode",
                  "type": "string",
                  "x-ms-dynamically-added": true,
                  "description": "CurrencyCode",
                  "x-ms-content-hint": "TEXT"
                },
                "text_7": {
                  "title": "SupplierID",
                  "type": "string",
                  "x-ms-dynamically-added": true,
                  "description": "SupplierID",
                  "x-ms-content-hint": "TEXT"
                }
              },
              "required": [
                "text"
              ]
            }
          }
        }
      },
      "actions": {
        "Switch": {
          "runAfter": {},
          "cases": {
            "Case": {
              "case": "read",
              "actions": {
                "Query_OData_entities_1": {
                  "runAfter": {},
                  "metadata": {
                    "operationMetadataId": "7fca51c3-800e-4df9-b61f-6949ccd11279"
                  },
                  "type": "OpenApiConnection",
                  "inputs": {
                    "host": {
                      "connectionName": "shared_sapodata_2",
                      "operationId": "GetEntityData",
                      "apiId": "/providers/Microsoft.PowerApps/apis/shared_sapodata"
                    },
                    "parameters": {
                      "entity": "ProductSet",
                      "filter": "@if(empty(triggerBody()?['text_2']), '', concat('ProductID eq ''', triggerBody()?['text_2'], ''''))"
                    },
                    "authentication": "@parameters('$authentication')"
                  }
                },
                "Select": {
                  "runAfter": {
                    "Query_OData_entities_1": [
                      "Succeeded"
                    ]
                  },
                  "metadata": {
                    "operationMetadataId": "b4853987-b6d7-41cb-a5e0-67d3267d2019"
                  },
                  "type": "Select",
                  "inputs": {
                    "from": "@body('Query_OData_entities_1')",
                    "select": {
                      "ProductID": "@item()?['ProductID']",
                      "Category": "@item()?['Category']",
                      "Name": "@item()?['Name']",
                      "NameLanguage": "@item()?['NameLanguage']",
                      "Description": "@item()?['Description']",
                      "DescriptionLanguage": "@item()?['DescriptionLanguage']",
                      "SupplierID": "@item()?['SupplierID']",
                      "SupplierName": "@item()?['SupplierName']",
                      "WeightMeasure": "@item()?['WeightMeasure']",
                      "WeightUnit": "@item()?['WeightUnit']",
                      "CurrencyCode": "@item()?['CurrencyCode']",
                      "Price": "@item()?['Price']",
                      "Width": "@item()?['Width']",
                      "Depth": "@item()?['Depth']",
                      "Height": "@item()?['Height']",
                      "DimUnit": "@item()?['DimUnit']",
                      "CreatedAt": "@item()?['CreatedAt']",
                      "ChangedAt": "@item()?['ChangedAt']"
                    }
                  }
                },
                "Response": {
                  "runAfter": {
                    "Select": [
                      "Succeeded"
                    ]
                  },
                  "metadata": {
                    "operationMetadataId": "3f9418d0-f535-4103-be26-a22bf87b4f6f"
                  },
                  "type": "Response",
                  "kind": "Http",
                  "inputs": {
                    "statusCode": 200,
                    "body": "@body('Select')",
                    "schema": {
                      "type": "array",
                      "items": {
                        "type": "object",
                        "properties": {
                          "ToSupplier": {
                            "type": "object",
                            "properties": {
                              "IsCollection": {
                                "type": "boolean"
                              },
                              "Name": {
                                "type": "string"
                              },
                              "Url": {
                                "type": "string"
                              },
                              "AssociationLinkUrl": {}
                            }
                          },
                          "ToSalesOrderLineItems": {
                            "type": "object",
                            "properties": {
                              "IsCollection": {
                                "type": "boolean"
                              },
                              "Name": {
                                "type": "string"
                              },
                              "Url": {
                                "type": "string"
                              },
                              "AssociationLinkUrl": {}
                            }
                          },
                          "ProductID": {
                            "type": "string"
                          },
                          "TypeCode": {
                            "type": "string"
                          },
                          "Category": {
                            "type": "string"
                          },
                          "Name": {
                            "type": "string"
                          },
                          "NameLanguage": {
                            "type": "string"
                          },
                          "Description": {
                            "type": "string"
                          },
                          "DescriptionLanguage": {
                            "type": "string"
                          },
                          "SupplierID": {
                            "type": "string"
                          },
                          "SupplierName": {
                            "type": "string"
                          },
                          "TaxTarifCode": {
                            "type": "integer"
                          },
                          "MeasureUnit": {
                            "type": "string"
                          },
                          "WeightMeasure": {
                            "type": "number"
                          },
                          "WeightUnit": {
                            "type": "string"
                          },
                          "CurrencyCode": {
                            "type": "string"
                          },
                          "Price": {
                            "type": "integer"
                          },
                          "Width": {
                            "type": "number"
                          },
                          "Depth": {
                            "type": "number"
                          },
                          "Height": {
                            "type": "integer"
                          },
                          "DimUnit": {
                            "type": "string"
                          },
                          "CreatedAt": {
                            "type": "string"
                          },
                          "ChangedAt": {
                            "type": "string"
                          }
                        },
                        "required": [
                          "ToSupplier",
                          "ToSalesOrderLineItems",
                          "ProductID",
                          "TypeCode",
                          "Category",
                          "Name",
                          "NameLanguage",
                          "Description",
                          "DescriptionLanguage",
                          "SupplierID",
                          "SupplierName",
                          "TaxTarifCode",
                          "MeasureUnit",
                          "WeightMeasure",
                          "WeightUnit",
                          "CurrencyCode",
                          "Price",
                          "Width",
                          "Depth",
                          "Height",
                          "DimUnit",
                          "CreatedAt",
                          "ChangedAt"
                        ]
                      }
                    }
                  }
                }
              }
            },
            "Case_2": {
              "case": "update",
              "actions": {
                "Update_OData_entity_2": {
                  "runAfter": {},
                  "metadata": {
                    "operationMetadataId": "c0d3c721-9b80-483d-b099-783d898145d7"
                  },
                  "type": "OpenApiConnection",
                  "inputs": {
                    "host": {
                      "connectionName": "shared_sapodata_2",
                      "operationId": "UpdateEntry",
                      "apiId": "/providers/Microsoft.PowerApps/apis/shared_sapodata"
                    },
                    "parameters": {
                      "entity": "ProductSet",
                      "entryInput/ProductID": "@triggerBody()?['text_2']",
                      "entryInput/Category": "@triggerBody()?['text_1']",
                      "entryInput/Name": "@triggerBody()?['text_5']",
                      "entryInput/Description": "@triggerBody()?['text_4']",
                      "entryInput/SupplierID": "@triggerBody()?['text_7']",
                      "entryInput/CurrencyCode": "@triggerBody()?['text_6']",
                      "entryInput/Price": "@triggerBody()['text_3']"
                    },
                    "authentication": "@parameters('$authentication')"
                  }
                },
                "Response_2": {
                  "runAfter": {
                    "Update_OData_entity_2": [
                      "Succeeded"
                    ]
                  },
                  "metadata": {
                    "operationMetadataId": "0a0ef529-df83-4892-bbef-aa5a439272f6"
                  },
                  "type": "Response",
                  "kind": "Http",
                  "inputs": {
                    "statusCode": 200
                  }
                }
              }
            },
            "Case_3": {
              "case": "delete",
              "actions": {
                "Delete_OData_entity_3": {
                  "runAfter": {},
                  "metadata": {
                    "operationMetadataId": "a3ee3364-b1b6-4963-8838-1b39dac43c13"
                  },
                  "type": "OpenApiConnection",
                  "inputs": {
                    "host": {
                      "connectionName": "shared_sapodata_2",
                      "operationId": "DeleteEntry",
                      "apiId": "/providers/Microsoft.PowerApps/apis/shared_sapodata"
                    },
                    "parameters": {
                      "entity": "ProductSet",
                      "entryInput/ProductID": "@triggerBody()?['text_2']"
                    },
                    "authentication": "@parameters('$authentication')"
                  }
                },
                "Response_3": {
                  "runAfter": {
                    "Delete_OData_entity_3": [
                      "Succeeded"
                    ]
                  },
                  "metadata": {
                    "operationMetadataId": "8b86e743-1fb3-43bb-abcd-28b598e8416e"
                  },
                  "type": "Response",
                  "kind": "Http",
                  "inputs": {
                    "statusCode": 200
                  }
                }
              }
            },
            "Case_4": {
              "case": "new",
              "actions": {
                "Create_OData_entity_4": {
                  "runAfter": {},
                  "metadata": {
                    "operationMetadataId": "9099a9ad-ea81-46cf-b199-465d227d42dc"
                  },
                  "type": "OpenApiConnection",
                  "inputs": {
                    "host": {
                      "connectionName": "shared_sapodata_2",
                      "operationId": "CreateEntry",
                      "apiId": "/providers/Microsoft.PowerApps/apis/shared_sapodata"
                    },
                    "parameters": {
                      "entity": "ProductSet",
                      "entryInput/ProductID": "@triggerBody()?['text_2']",
                      "entryInput/TypeCode": "PR",
                      "entryInput/Category": "@triggerBody()?['text_1']",
                      "entryInput/Name": "@triggerBody()['text_5']",
                      "entryInput/SupplierID": "@triggerBody()['text_7']",
                      "entryInput/TaxTarifCode": 1,
                      "entryInput/MeasureUnit": "EA",
                      "entryInput/CurrencyCode": "@triggerBody()['text_6']",
                      "entryInput/Description": "@triggerBody()?['text_4']",
                      "entryInput/Price": "@triggerBody()['text_3']"
                    },
                    "authentication": "@parameters('$authentication')"
                  }
                },
                "Response_4": {
                  "runAfter": {
                    "Create_OData_entity_4": [
                      "Succeeded"
                    ]
                  },
                  "metadata": {
                    "operationMetadataId": "695ed2d4-5bb3-4308-9a1f-5d3534543435"
                  },
                  "type": "Response",
                  "kind": "Http",
                  "inputs": {
                    "statusCode": 200
                  }
                }
              }
            }
          },
          "default": {
            "actions": {}
          },
          "expression": "@triggerBody()['text']",
          "metadata": {
            "operationMetadataId": "88127932-8d5d-4aed-a447-bb1fbc74de7b"
          },
          "type": "Switch"
        }
      }
    },
    "templateName": ""
  },
  "schemaVersion": "1.0.0.0"
}